,SITE_x,Sequence Name,Year,G_Annotation,Mutation,WildType,VAF
0,Dorota,DHFR,17,A16V,0.0,25.0,0.0%
1,Dorota,DHFR,17,C59R,25.0,0.0,93.7%
2,Dorota,DHFR,17,I164L,0.0,24.0,0.0%
3,Dorota,DHFR,17,N51I,25.0,0.0,88.04%
4,Dorota,DHFR,17,S108N,25.0,0.0,93.13%
5,Dorota,DHFR,19,A16V,0.0,186.0,0.0%
6,Dorota,DHFR,19,C59R,190.0,1.0,96.22%
7,Dorota,DHFR,19,I164L,0.0,192.0,0.0%
8,Dorota,DHFR,19,N51I,190.0,1.0,92.72%
9,Dorota,DHFR,19,S108N,190.0,1.0,95.73%
10,Dorota,DHPS_437Corrected ,17,A437G,19.0,0.0,97.38%
11,Dorota,DHPS_437Corrected ,17,A581G,0.0,20.0,0.0%
12,Dorota,DHPS_437Corrected ,17,A613S,4.0,15.0,12.02%
13,Dorota,DHPS_437Corrected ,17,K540E,1.0,18.0,5.26%
14,Dorota,DHPS_437Corrected ,17,S436A,12.0,7.0,23.25%
15,Dorota,DHPS_437Corrected ,19,A437G,192.0,0.0,87.76%
16,Dorota,DHPS_437Corrected ,19,A581G,25.0,166.0,3.42%
17,Dorota,DHPS_437Corrected ,19,A613S,100.0,96.0,16.37%
18,Dorota,DHPS_437Corrected ,19,K540E,68.0,122.0,6.93%
19,Dorota,DHPS_437Corrected ,19,S436A,190.0,2.0,40.16%
20,Dorota,K13,17,A481V,0.0,17.0,0.0%
21,Dorota,K13,17,A578S,0.0,17.0,0.0%
22,Dorota,K13,17,A675V,0.0,17.0,0.0%
23,Dorota,K13,17,C469F,0.0,17.0,0.0%
24,Dorota,K13,17,C469Y,0.0,17.0,0.0%
25,Dorota,K13,17,C580Y,0.0,17.0,0.0%
26,Dorota,K13,17,D584V,0.0,17.0,0.0%
27,Dorota,K13,17,F446I,0.0,16.0,0.0%
28,Dorota,K13,17,G449A,0.0,17.0,0.0%
29,Dorota,K13,17,G538V,0.0,17.0,0.0%
30,Dorota,K13,17,I543T,0.0,17.0,0.0%
31,Dorota,K13,17,M476I,0.0,17.0,0.0%
32,Dorota,K13,17,N458Y,0.0,17.0,0.0%
33,Dorota,K13,17,N537I,0.0,17.0,0.0%
34,Dorota,K13,17,P441L,0.0,16.0,0.0%
35,Dorota,K13,17,P527H,0.0,17.0,0.0%
36,Dorota,K13,17,P553L,0.0,16.0,0.0%
37,Dorota,K13,17,P574L,0.0,17.0,0.0%
38,Dorota,K13,17,R515K,0.0,17.0,0.0%
39,Dorota,K13,17,R539T,0.0,17.0,0.0%
40,Dorota,K13,17,R561H,0.0,16.0,0.0%
41,Dorota,K13,17,R622I,0.0,17.0,0.0%
42,Dorota,K13,17,V568G,0.0,16.0,0.0%
43,Dorota,K13,17,Y493H,0.0,17.0,0.0%
44,Dorota,K13,19,A481V,0.0,193.0,0.0%
45,Dorota,K13,19,A578S,0.0,193.0,0.0%
46,Dorota,K13,19,A675V,0.0,193.0,0.0%
47,Dorota,K13,19,C469F,0.0,193.0,0.0%
48,Dorota,K13,19,C469Y,0.0,193.0,0.0%
49,Dorota,K13,19,C580Y,0.0,193.0,0.0%
50,Dorota,K13,19,D584V,0.0,193.0,0.0%
51,Dorota,K13,19,F446I,0.0,193.0,0.0%
52,Dorota,K13,19,G449A,0.0,193.0,0.0%
53,Dorota,K13,19,G538V,0.0,193.0,0.0%
54,Dorota,K13,19,I543T,0.0,193.0,0.0%
55,Dorota,K13,19,M476I,0.0,193.0,0.0%
56,Dorota,K13,19,N458Y,0.0,193.0,0.0%
57,Dorota,K13,19,N537I,0.0,193.0,0.0%
58,Dorota,K13,19,P441L,0.0,193.0,0.0%
59,Dorota,K13,19,P527H,0.0,193.0,0.0%
60,Dorota,K13,19,P553L,0.0,193.0,0.0%
61,Dorota,K13,19,P574L,0.0,193.0,0.0%
62,Dorota,K13,19,R515K,0.0,193.0,0.0%
63,Dorota,K13,19,R539T,0.0,193.0,0.0%
64,Dorota,K13,19,R561H,0.0,193.0,0.0%
65,Dorota,K13,19,R622I,0.0,193.0,0.0%
66,Dorota,K13,19,V568G,0.0,193.0,0.0%
67,Dorota,K13,19,Y493H,0.0,193.0,0.0%
68,Dorota,PfCRT,17,A220S,1.0,1.0,50.0%
69,Dorota,PfCRT,17,C350R,0.0,2.0,0.0%
70,Dorota,PfCRT,17,C72S,0.0,2.0,0.0%
71,Dorota,PfCRT,17,F145I,0.0,4.0,0.0%
72,Dorota,PfCRT,17,G353V,0.0,2.0,0.0%
73,Dorota,PfCRT,17,H97Y,0.0,2.0,0.0%
74,Dorota,PfCRT,17,I218F,0.0,2.0,0.0%
75,Dorota,PfCRT,17,I356T,1.0,1.0,50.0%
76,Dorota,PfCRT,17,K76T,1.0,1.0,50.0%
77,Dorota,PfCRT,17,M343L,0.0,2.0,0.0%
78,Dorota,PfCRT,17,M74I,1.0,1.0,50.0%
79,Dorota,PfCRT,17,N75E,1.0,1.0,50.0%
80,Dorota,PfCRT,17,T93S,0.0,2.0,0.0%
81,Dorota,PfCRT,17,V73V,0.0,2.0,0.0%
82,Dorota,PfCRT,19,A220S,15.0,135.0,5.0%
83,Dorota,PfCRT,19,C350R,0.0,154.0,0.0%
84,Dorota,PfCRT,19,C72S,0.0,174.0,0.0%
85,Dorota,PfCRT,19,F145I,0.0,171.0,0.0%
86,Dorota,PfCRT,19,G353V,0.0,154.0,0.0%
87,Dorota,PfCRT,19,H97Y,0.0,174.0,0.0%
88,Dorota,PfCRT,19,I218F,0.0,150.0,0.0%
89,Dorota,PfCRT,19,I356T,11.0,143.0,3.39%
90,Dorota,PfCRT,19,K76T,31.0,143.0,8.16%
91,Dorota,PfCRT,19,M343L,5.0,149.0,0.41%
92,Dorota,PfCRT,19,M74I,31.0,143.0,8.1%
93,Dorota,PfCRT,19,N326S,0.0,87.0,0.0%
94,Dorota,PfCRT,19,N75E,31.0,143.0,8.09%
95,Dorota,PfCRT,19,Q271E,31.0,106.0,9.47%
96,Dorota,PfCRT,19,R371I,5.0,64.0,7.25%
97,Dorota,PfCRT,19,T93S,0.0,174.0,0.0%
98,Dorota,PfCRT,19,V73V,0.0,174.0,0.0%
99,Dorota,PfMDR1 ,17,Y184F,1.0,1.0,50.0%
100,Dorota,PfMDR1 ,19,D1246Y,41.0,128.0,8.41%
101,Dorota,PfMDR1 ,19,N1042D,0.0,178.0,0.0%
102,Dorota,PfMDR1 ,19,N86Y,55.0,89.0,12.18%
103,Dorota,PfMDR1 ,19,S1034C,0.0,178.0,0.0%
104,Dorota,PfMDR1 ,19,Y184F,156.0,22.0,60.75%
105,Dorota,mitochondrial genome - CYTB CDS,17,I258M,0.0,8.0,0.0%
106,Dorota,mitochondrial genome - CYTB CDS,17,Y268N,0.0,8.0,0.0%
107,Dorota,mitochondrial genome - CYTB CDS,19,I258M,0.0,184.0,0.0%
108,Dorota,mitochondrial genome - CYTB CDS,19,Y268N,0.0,184.0,0.0%
109,Hamdalaye,DHFR,17,A16V,0.0,27.0,0.0%
110,Hamdalaye,DHFR,17,C59R,26.0,0.0,94.74%
111,Hamdalaye,DHFR,17,I164L,0.0,27.0,0.0%
112,Hamdalaye,DHFR,17,N51I,27.0,0.0,90.93%
113,Hamdalaye,DHFR,17,S108N,28.0,0.0,93.74%
114,Hamdalaye,DHFR,19,A16V,0.0,139.0,0.0%
115,Hamdalaye,DHFR,19,C59R,149.0,0.0,97.98%
116,Hamdalaye,DHFR,19,I164L,0.0,139.0,0.0%
117,Hamdalaye,DHFR,19,N51I,144.0,0.0,93.56%
118,Hamdalaye,DHFR,19,S108N,149.0,0.0,97.75%
119,Hamdalaye,DHPS_437Corrected ,17,A437G,17.0,2.0,61.23%
120,Hamdalaye,DHPS_437Corrected ,17,A581G,0.0,18.0,0.0%
121,Hamdalaye,DHPS_437Corrected ,17,A613S,1.0,18.0,5.26%
122,Hamdalaye,DHPS_437Corrected ,17,K540E,0.0,15.0,0.0%
123,Hamdalaye,DHPS_437Corrected ,17,S436A,13.0,6.0,50.05%
124,Hamdalaye,DHPS_437Corrected ,19,A437G,171.0,20.0,67.27%
125,Hamdalaye,DHPS_437Corrected ,19,A581G,6.0,180.0,1.01%
126,Hamdalaye,DHPS_437Corrected ,19,A613S,46.0,140.0,6.35%
127,Hamdalaye,DHPS_437Corrected ,19,K540E,45.0,131.0,7.66%
128,Hamdalaye,DHPS_437Corrected ,19,S436A,188.0,3.0,52.16%
129,Hamdalaye,K13,17,A481V,0.0,22.0,0.0%
130,Hamdalaye,K13,17,A578S,0.0,20.0,0.0%
131,Hamdalaye,K13,17,A675V,0.0,20.0,0.0%
132,Hamdalaye,K13,17,C469F,0.0,21.0,0.0%
133,Hamdalaye,K13,17,C469Y,0.0,21.0,0.0%
134,Hamdalaye,K13,17,C580Y,0.0,20.0,0.0%
135,Hamdalaye,K13,17,D584V,0.0,20.0,0.0%
136,Hamdalaye,K13,17,F446I,0.0,21.0,0.0%
137,Hamdalaye,K13,17,G449A,0.0,21.0,0.0%
138,Hamdalaye,K13,17,G538V,0.0,20.0,0.0%
139,Hamdalaye,K13,17,I543T,0.0,19.0,0.0%
140,Hamdalaye,K13,17,M476I,0.0,22.0,0.0%
141,Hamdalaye,K13,17,N458Y,0.0,21.0,0.0%
142,Hamdalaye,K13,17,N537I,0.0,20.0,0.0%
143,Hamdalaye,K13,17,P441L,0.0,21.0,0.0%
144,Hamdalaye,K13,17,P527H,0.0,20.0,0.0%
145,Hamdalaye,K13,17,P553L,0.0,19.0,0.0%
146,Hamdalaye,K13,17,P574L,0.0,20.0,0.0%
147,Hamdalaye,K13,17,R515K,0.0,20.0,0.0%
148,Hamdalaye,K13,17,R539T,0.0,20.0,0.0%
149,Hamdalaye,K13,17,R561H,0.0,20.0,0.0%
150,Hamdalaye,K13,17,R622I,0.0,20.0,0.0%
151,Hamdalaye,K13,17,V568G,0.0,20.0,0.0%
152,Hamdalaye,K13,17,Y493H,0.0,21.0,0.0%
153,Hamdalaye,K13,19,A481V,0.0,193.0,0.0%
154,Hamdalaye,K13,19,A578S,5.0,191.0,0.39%
155,Hamdalaye,K13,19,A675V,0.0,194.0,0.0%
156,Hamdalaye,K13,19,C469F,0.0,197.0,0.0%
157,Hamdalaye,K13,19,C469Y,0.0,197.0,0.0%
158,Hamdalaye,K13,19,C580Y,0.0,196.0,0.0%
159,Hamdalaye,K13,19,D584V,0.0,196.0,0.0%
160,Hamdalaye,K13,19,F446I,0.0,197.0,0.0%
161,Hamdalaye,K13,19,G449A,0.0,197.0,0.0%
162,Hamdalaye,K13,19,G538V,0.0,196.0,0.0%
163,Hamdalaye,K13,19,I543T,0.0,196.0,0.0%
164,Hamdalaye,K13,19,M476I,0.0,193.0,0.0%
165,Hamdalaye,K13,19,N458Y,0.0,197.0,0.0%
166,Hamdalaye,K13,19,N537I,0.0,196.0,0.0%
167,Hamdalaye,K13,19,P441L,0.0,197.0,0.0%
168,Hamdalaye,K13,19,P527H,0.0,196.0,0.0%
169,Hamdalaye,K13,19,P553L,0.0,196.0,0.0%
170,Hamdalaye,K13,19,P574L,0.0,196.0,0.0%
171,Hamdalaye,K13,19,R515K,0.0,197.0,0.0%
172,Hamdalaye,K13,19,R539T,0.0,196.0,0.0%
173,Hamdalaye,K13,19,R561H,0.0,196.0,0.0%
174,Hamdalaye,K13,19,R622I,0.0,192.0,0.0%
175,Hamdalaye,K13,19,V568G,0.0,196.0,0.0%
176,Hamdalaye,K13,19,Y493H,0.0,193.0,0.0%
177,Hamdalaye,PfCRT,17,C350R,0.0,1.0,0.0%
178,Hamdalaye,PfCRT,17,C72S,0.0,5.0,0.0%
179,Hamdalaye,PfCRT,17,F145I,0.0,3.0,0.0%
180,Hamdalaye,PfCRT,17,G353V,0.0,1.0,0.0%
181,Hamdalaye,PfCRT,17,H97Y,0.0,6.0,0.0%
182,Hamdalaye,PfCRT,17,I218F,0.0,1.0,0.0%
183,Hamdalaye,PfCRT,17,I356T,1.0,0.0,100.0%
184,Hamdalaye,PfCRT,17,K76T,2.0,4.0,27.78%
185,Hamdalaye,PfCRT,17,M343L,0.0,1.0,0.0%
186,Hamdalaye,PfCRT,17,M74I,2.0,3.0,33.34%
187,Hamdalaye,PfCRT,17,N75E,2.0,4.0,27.78%
188,Hamdalaye,PfCRT,17,Q271E,1.0,4.0,20.0%
189,Hamdalaye,PfCRT,17,T93S,0.0,6.0,0.0%
190,Hamdalaye,PfCRT,17,V73V,0.0,5.0,0.0%
191,Hamdalaye,PfCRT,19,A220S,40.0,93.0,7.26%
192,Hamdalaye,PfCRT,19,C350R,0.0,137.0,0.0%
193,Hamdalaye,PfCRT,19,C72S,0.0,148.0,0.0%
194,Hamdalaye,PfCRT,19,F145I,0.0,151.0,0.0%
195,Hamdalaye,PfCRT,19,G353V,0.0,137.0,0.0%
196,Hamdalaye,PfCRT,19,H97Y,0.0,153.0,0.0%
197,Hamdalaye,PfCRT,19,I218F,0.0,139.0,0.0%
198,Hamdalaye,PfCRT,19,I356T,36.0,96.0,6.61%
199,Hamdalaye,PfCRT,19,K76T,48.0,100.0,14.51%
200,Hamdalaye,PfCRT,19,M343L,0.0,137.0,0.0%
201,Hamdalaye,PfCRT,19,M74I,48.0,100.0,14.18%
202,Hamdalaye,PfCRT,19,N326S,0.0,50.0,0.0%
203,Hamdalaye,PfCRT,19,N75E,48.0,100.0,14.23%
204,Hamdalaye,PfCRT,19,Q271E,40.0,79.0,13.37%
205,Hamdalaye,PfCRT,19,R371I,4.0,50.0,3.7%
206,Hamdalaye,PfCRT,19,T93S,0.0,148.0,0.0%
207,Hamdalaye,PfCRT,19,V73V,0.0,148.0,0.0%
208,Hamdalaye,PfMDR1 ,17,D1246Y,0.0,1.0,0.0%
209,Hamdalaye,PfMDR1 ,17,N1042D,0.0,6.0,0.0%
210,Hamdalaye,PfMDR1 ,17,N86Y,0.0,5.0,0.0%
211,Hamdalaye,PfMDR1 ,17,S1034C,0.0,6.0,0.0%
212,Hamdalaye,PfMDR1 ,17,Y184F,4.0,1.0,80.0%
213,Hamdalaye,PfMDR1 ,19,D1246Y,0.0,130.0,0.0%
214,Hamdalaye,PfMDR1 ,19,N1042D,0.0,128.0,0.0%
215,Hamdalaye,PfMDR1 ,19,N86Y,21.0,82.0,8.66%
216,Hamdalaye,PfMDR1 ,19,S1034C,0.0,128.0,0.0%
217,Hamdalaye,PfMDR1 ,19,Y184F,104.0,25.0,61.81%
218,Hamdalaye,mitochondrial genome - CYTB CDS,17,I258M,0.0,12.0,0.0%
219,Hamdalaye,mitochondrial genome - CYTB CDS,17,Y268N,0.0,12.0,0.0%
220,Hamdalaye,mitochondrial genome - CYTB CDS,19,I258M,0.0,178.0,0.0%
221,Hamdalaye,mitochondrial genome - CYTB CDS,19,Y268N,0.0,178.0,0.0%
222,Lay-Sare,DHFR,18,A16V,0.0,162.0,0.0%
223,Lay-Sare,DHFR,18,C59R,161.0,1.0,95.85%
224,Lay-Sare,DHFR,18,I164L,0.0,161.0,0.0%
225,Lay-Sare,DHFR,18,N51I,162.0,0.0,94.14%
226,Lay-Sare,DHFR,18,S108N,162.0,0.0,96.37%
227,Lay-Sare,DHPS_437Corrected ,18,A437G,155.0,9.0,75.1%
228,Lay-Sare,DHPS_437Corrected ,18,A581G,2.0,159.0,1.05%
229,Lay-Sare,DHPS_437Corrected ,18,A613S,65.0,97.0,14.95%
230,Lay-Sare,DHPS_437Corrected ,18,K540E,16.0,129.0,3.33%
231,Lay-Sare,DHPS_437Corrected ,18,S436A,129.0,35.0,39.48%
232,Lay-Sare,K13,18,A481V,0.0,161.0,0.0%
233,Lay-Sare,K13,18,A578S,1.0,168.0,0.05%
234,Lay-Sare,K13,18,A675V,0.0,168.0,0.0%
235,Lay-Sare,K13,18,C469F,0.0,161.0,0.0%
236,Lay-Sare,K13,18,C469Y,0.0,161.0,0.0%
237,Lay-Sare,K13,18,C580Y,0.0,169.0,0.0%
238,Lay-Sare,K13,18,D584V,0.0,169.0,0.0%
239,Lay-Sare,K13,18,F446I,0.0,161.0,0.0%
240,Lay-Sare,K13,18,G449A,0.0,161.0,0.0%
241,Lay-Sare,K13,18,G538V,0.0,169.0,0.0%
242,Lay-Sare,K13,18,I543T,0.0,169.0,0.0%
243,Lay-Sare,K13,18,M476I,0.0,161.0,0.0%
244,Lay-Sare,K13,18,N458Y,0.0,161.0,0.0%
245,Lay-Sare,K13,18,N537I,0.0,169.0,0.0%
246,Lay-Sare,K13,18,P441L,0.0,161.0,0.0%
247,Lay-Sare,K13,18,P527H,0.0,169.0,0.0%
248,Lay-Sare,K13,18,P553L,0.0,169.0,0.0%
249,Lay-Sare,K13,18,P574L,0.0,169.0,0.0%
250,Lay-Sare,K13,18,R515K,0.0,169.0,0.0%
251,Lay-Sare,K13,18,R539T,0.0,169.0,0.0%
252,Lay-Sare,K13,18,R561H,0.0,169.0,0.0%
253,Lay-Sare,K13,18,R622I,0.0,169.0,0.0%
254,Lay-Sare,K13,18,V568G,0.0,169.0,0.0%
255,Lay-Sare,K13,18,Y493H,0.0,161.0,0.0%
256,Lay-Sare,PfCRT,18,A220S,32.0,69.0,27.97%
257,Lay-Sare,PfCRT,18,C350R,0.0,99.0,0.0%
258,Lay-Sare,PfCRT,18,C72S,0.0,110.0,0.0%
259,Lay-Sare,PfCRT,18,F145I,0.0,125.0,0.0%
260,Lay-Sare,PfCRT,18,G353V,0.0,99.0,0.0%
261,Lay-Sare,PfCRT,18,H97Y,0.0,116.0,0.0%
262,Lay-Sare,PfCRT,18,I218F,0.0,101.0,0.0%
263,Lay-Sare,PfCRT,18,I356T,15.0,79.0,13.3%
264,Lay-Sare,PfCRT,18,K76T,35.0,75.0,16.97%
265,Lay-Sare,PfCRT,18,M343L,0.0,99.0,0.0%
266,Lay-Sare,PfCRT,18,M74I,40.0,70.0,14.8%
267,Lay-Sare,PfCRT,18,N326S,0.0,15.0,0.0%
268,Lay-Sare,PfCRT,18,N75E,35.0,75.0,14.25%
269,Lay-Sare,PfCRT,18,Q271E,10.0,56.0,6.31%
270,Lay-Sare,PfCRT,18,R371I,0.0,15.0,0.0%
271,Lay-Sare,PfCRT,18,T93S,0.0,116.0,0.0%
272,Lay-Sare,PfCRT,18,V73V,0.0,110.0,0.0%
273,Lay-Sare,PfMDR1 ,18,D1246Y,5.0,59.0,4.69%
274,Lay-Sare,PfMDR1 ,18,N1042D,0.0,85.0,0.0%
275,Lay-Sare,PfMDR1 ,18,N86Y,10.0,50.0,16.67%
276,Lay-Sare,PfMDR1 ,18,S1034C,0.0,85.0,0.0%
277,Lay-Sare,PfMDR1 ,18,Y184F,86.0,13.0,80.97%
278,Lay-Sare,mitochondrial genome - CYTB CDS,18,I258M,0.0,146.0,0.0%
279,Lay-Sare,mitochondrial genome - CYTB CDS,18,Y268N,0.0,146.0,0.0%
280,Maferinyah,DHFR,17,A16V,0.0,1.0,0.0%
281,Maferinyah,DHFR,17,C59R,1.0,0.0,100.0%
282,Maferinyah,DHFR,17,I164L,0.0,1.0,0.0%
283,Maferinyah,DHFR,17,N51I,1.0,0.0,100.0%
284,Maferinyah,DHFR,17,S108N,1.0,0.0,100.0%
285,Maferinyah,DHFR,18,A16V,0.0,215.0,0.0%
286,Maferinyah,DHFR,18,C59R,214.0,0.0,98.92%
287,Maferinyah,DHFR,18,I164L,0.0,214.0,0.0%
288,Maferinyah,DHFR,18,N51I,215.0,0.0,98.65%
289,Maferinyah,DHFR,18,S108N,215.0,0.0,99.26%
290,Maferinyah,DHPS_437Corrected ,17,A437G,1.0,0.0,100.0%
291,Maferinyah,DHPS_437Corrected ,17,S436A,0.0,1.0,0.0%
292,Maferinyah,DHPS_437Corrected ,18,A437G,209.0,2.0,79.93%
293,Maferinyah,DHPS_437Corrected ,18,A581G,6.0,201.0,1.96%
294,Maferinyah,DHPS_437Corrected ,18,A613S,63.0,149.0,10.42%
295,Maferinyah,DHPS_437Corrected ,18,K540E,46.0,152.0,5.22%
296,Maferinyah,DHPS_437Corrected ,18,S436A,164.0,47.0,38.76%
297,Maferinyah,K13,17,A481V,0.0,1.0,0.0%
298,Maferinyah,K13,17,A578S,0.0,1.0,0.0%
299,Maferinyah,K13,17,A675V,0.0,1.0,0.0%
300,Maferinyah,K13,17,C469F,0.0,1.0,0.0%
301,Maferinyah,K13,17,C469Y,0.0,1.0,0.0%
302,Maferinyah,K13,17,C580Y,0.0,1.0,0.0%
303,Maferinyah,K13,17,D584V,0.0,1.0,0.0%
304,Maferinyah,K13,17,F446I,0.0,1.0,0.0%
305,Maferinyah,K13,17,G449A,0.0,1.0,0.0%
306,Maferinyah,K13,17,G538V,0.0,1.0,0.0%
307,Maferinyah,K13,17,I543T,0.0,1.0,0.0%
308,Maferinyah,K13,17,M476I,0.0,1.0,0.0%
309,Maferinyah,K13,17,N458Y,0.0,1.0,0.0%
310,Maferinyah,K13,17,N537I,0.0,1.0,0.0%
311,Maferinyah,K13,17,P441L,0.0,1.0,0.0%
312,Maferinyah,K13,17,P527H,0.0,1.0,0.0%
313,Maferinyah,K13,17,P553L,0.0,1.0,0.0%
314,Maferinyah,K13,17,P574L,0.0,1.0,0.0%
315,Maferinyah,K13,17,R515K,0.0,1.0,0.0%
316,Maferinyah,K13,17,R539T,0.0,1.0,0.0%
317,Maferinyah,K13,17,R561H,0.0,1.0,0.0%
318,Maferinyah,K13,17,R622I,0.0,1.0,0.0%
319,Maferinyah,K13,17,V568G,0.0,1.0,0.0%
320,Maferinyah,K13,17,Y493H,0.0,1.0,0.0%
321,Maferinyah,K13,18,A481V,0.0,232.0,0.0%
322,Maferinyah,K13,18,A578S,10.0,222.0,0.66%
323,Maferinyah,K13,18,A675V,0.0,232.0,0.0%
324,Maferinyah,K13,18,C469F,0.0,232.0,0.0%
325,Maferinyah,K13,18,C469Y,0.0,232.0,0.0%
326,Maferinyah,K13,18,C580Y,0.0,232.0,0.0%
327,Maferinyah,K13,18,D584V,0.0,232.0,0.0%
328,Maferinyah,K13,18,F446I,0.0,232.0,0.0%
329,Maferinyah,K13,18,G449A,0.0,232.0,0.0%
330,Maferinyah,K13,18,G538V,0.0,232.0,0.0%
331,Maferinyah,K13,18,I543T,0.0,232.0,0.0%
332,Maferinyah,K13,18,M476I,0.0,232.0,0.0%
333,Maferinyah,K13,18,N458Y,0.0,232.0,0.0%
334,Maferinyah,K13,18,N537I,0.0,232.0,0.0%
335,Maferinyah,K13,18,P441L,0.0,232.0,0.0%
336,Maferinyah,K13,18,P527H,0.0,232.0,0.0%
337,Maferinyah,K13,18,P553L,0.0,232.0,0.0%
338,Maferinyah,K13,18,P574L,0.0,232.0,0.0%
339,Maferinyah,K13,18,R515K,0.0,232.0,0.0%
340,Maferinyah,K13,18,R539T,0.0,232.0,0.0%
341,Maferinyah,K13,18,R561H,0.0,232.0,0.0%
342,Maferinyah,K13,18,R622I,0.0,232.0,0.0%
343,Maferinyah,K13,18,V568G,0.0,232.0,0.0%
344,Maferinyah,K13,18,Y493H,0.0,232.0,0.0%
345,Maferinyah,PfCRT,18,A220S,10.0,96.0,5.31%
346,Maferinyah,PfCRT,18,C350R,5.0,105.0,1.14%
347,Maferinyah,PfCRT,18,C72S,0.0,150.0,0.0%
348,Maferinyah,PfCRT,18,F145I,0.0,148.0,0.0%
349,Maferinyah,PfCRT,18,G353V,0.0,110.0,0.0%
350,Maferinyah,PfCRT,18,H97Y,0.0,155.0,0.0%
351,Maferinyah,PfCRT,18,I218F,0.0,106.0,0.0%
352,Maferinyah,PfCRT,18,I356T,0.0,110.0,0.0%
353,Maferinyah,PfCRT,18,K76T,16.0,134.0,4.42%
354,Maferinyah,PfCRT,18,M343L,0.0,115.0,0.0%
355,Maferinyah,PfCRT,18,M74I,21.0,129.0,4.49%
356,Maferinyah,PfCRT,18,N326S,0.0,18.0,0.0%
357,Maferinyah,PfCRT,18,N75E,16.0,134.0,4.26%
358,Maferinyah,PfCRT,18,Q271E,6.0,112.0,5.08%
359,Maferinyah,PfCRT,18,R371I,0.0,25.0,0.0%
360,Maferinyah,PfCRT,18,T93S,0.0,155.0,0.0%
361,Maferinyah,PfCRT,18,V73V,0.0,150.0,0.0%
362,Maferinyah,PfMDR1 ,18,D1246Y,10.0,151.0,0.48%
363,Maferinyah,PfMDR1 ,18,N1042D,0.0,164.0,0.0%
364,Maferinyah,PfMDR1 ,18,N86Y,5.0,104.0,0.77%
365,Maferinyah,PfMDR1 ,18,S1034C,0.0,164.0,0.0%
366,Maferinyah,PfMDR1 ,18,Y184F,143.0,27.0,67.32%
367,Maferinyah,mitochondrial genome - CYTB CDS,18,I258M,0.0,211.0,0.0%
368,Maferinyah,mitochondrial genome - CYTB CDS,18,Y268N,0.0,211.0,0.0%
