SITE_x,Sequence Name,Year,TrackerSNP,SNP,Poolsize,Prod
Dorota,DHFR,17,A16V,A16,25.0,0.0
Dorota,DHFR,17,C59R,59R,25.0,2342.5
Dorota,DHFR,17,I164L,I164,24.0,0.0
Dorota,DHFR,17,N51I,51I,25.0,2201.0
Dorota,DHFR,17,S108N,108N,25.0,2328.3
Dorota,DHFR,19,A16V,A16,186.0,0.0
Dorota,DHFR,19,C59R,59R,190.0,18378.1
Dorota,DHFR,19,C59R,C59,1.0,0.0
Dorota,DHFR,19,I164L,I164,192.0,0.0
Dorota,DHFR,19,N51I,51I,190.0,17709.8
Dorota,DHFR,19,N51I,N51,1.0,0.0
Dorota,DHFR,19,S108N,108N,190.0,18285.1
Dorota,DHFR,19,S108N,S108,1.0,0.0
Dorota,DHPS_437Corrected ,17,A437G,437G,19.0,1850.2
Dorota,DHPS_437Corrected ,17,A581G,A581,20.0,0.0
Dorota,DHPS_437Corrected ,17,A613S,613S,4.0,228.4
Dorota,DHPS_437Corrected ,17,A613S,A613,15.0,0.0
Dorota,DHPS_437Corrected ,17,K540E,540E,1.0,100.0
Dorota,DHPS_437Corrected ,17,K540E,K540,18.0,0.0
Dorota,DHPS_437Corrected ,17,S436A,436A,12.0,441.7
Dorota,DHPS_437Corrected ,17,S436A,S436,7.0,0.0
Dorota,DHPS_437Corrected ,19,A437G,437G,192.0,16850.6
Dorota,DHPS_437Corrected ,19,A581G,581G,25.0,654.0
Dorota,DHPS_437Corrected ,19,A581G,A581,166.0,0.0
Dorota,DHPS_437Corrected ,19,A613S,613S,100.0,3208.0
Dorota,DHPS_437Corrected ,19,A613S,A613,96.0,0.0
Dorota,DHPS_437Corrected ,19,K540E,540E,68.0,1316.7
Dorota,DHPS_437Corrected ,19,K540E,K540,122.0,0.0
Dorota,DHPS_437Corrected ,19,S436A,436A,190.0,7710.2
Dorota,DHPS_437Corrected ,19,S436A,S436,2.0,0.0
Dorota,K13,17,A481V,A481,17.0,0.0
Dorota,K13,17,A578S,A578,17.0,0.0
Dorota,K13,17,A675V,A675,17.0,0.0
Dorota,K13,17,C469F,C469,17.0,0.0
Dorota,K13,17,C469Y,C469,17.0,0.0
Dorota,K13,17,C580Y,C580,17.0,0.0
Dorota,K13,17,D584V,D584,17.0,0.0
Dorota,K13,17,F446I,F446,16.0,0.0
Dorota,K13,17,G449A,G449,17.0,0.0
Dorota,K13,17,G538V,G538,17.0,0.0
Dorota,K13,17,I543T,I543,17.0,0.0
Dorota,K13,17,M476I,M476,17.0,0.0
Dorota,K13,17,N458Y,N458,17.0,0.0
Dorota,K13,17,N537I,N537,17.0,0.0
Dorota,K13,17,P441L,P441,16.0,0.0
Dorota,K13,17,P527H,P527,17.0,0.0
Dorota,K13,17,P553L,P553,16.0,0.0
Dorota,K13,17,P574L,P574,17.0,0.0
Dorota,K13,17,R515K,R515,17.0,0.0
Dorota,K13,17,R539T,R539,17.0,0.0
Dorota,K13,17,R561H,R561,16.0,0.0
Dorota,K13,17,R622I,R622,17.0,0.0
Dorota,K13,17,V568G,V568,16.0,0.0
Dorota,K13,17,Y493H,Y493,17.0,0.0
Dorota,K13,19,A481V,A481,193.0,0.0
Dorota,K13,19,A578S,A578,193.0,0.0
Dorota,K13,19,A675V,A675,193.0,0.0
Dorota,K13,19,C469F,C469,193.0,0.0
Dorota,K13,19,C469Y,C469,193.0,0.0
Dorota,K13,19,C580Y,C580,193.0,0.0
Dorota,K13,19,D584V,D584,193.0,0.0
Dorota,K13,19,F446I,F446,193.0,0.0
Dorota,K13,19,G449A,G449,193.0,0.0
Dorota,K13,19,G538V,G538,193.0,0.0
Dorota,K13,19,I543T,I543,193.0,0.0
Dorota,K13,19,M476I,M476,193.0,0.0
Dorota,K13,19,N458Y,N458,193.0,0.0
Dorota,K13,19,N537I,N537,193.0,0.0
Dorota,K13,19,P441L,P441,193.0,0.0
Dorota,K13,19,P527H,P527,193.0,0.0
Dorota,K13,19,P553L,P553,193.0,0.0
Dorota,K13,19,P574L,P574,193.0,0.0
Dorota,K13,19,R515K,R515,193.0,0.0
Dorota,K13,19,R539T,R539,193.0,0.0
Dorota,K13,19,R561H,R561,193.0,0.0
Dorota,K13,19,R622I,R622,193.0,0.0
Dorota,K13,19,V568G,V568,193.0,0.0
Dorota,K13,19,Y493H,Y493,193.0,0.0
Dorota,PfCRT,17,A220S,220S,1.0,100.0
Dorota,PfCRT,17,A220S,A220,1.0,0.0
Dorota,PfCRT,17,C350R,C350,2.0,0.0
Dorota,PfCRT,17,C72S,C72,2.0,0.0
Dorota,PfCRT,17,F145I,F145,4.0,0.0
Dorota,PfCRT,17,G353V,G353,2.0,0.0
Dorota,PfCRT,17,H97Y,H97,2.0,0.0
Dorota,PfCRT,17,I218F,I218,2.0,0.0
Dorota,PfCRT,17,I356T,356T,1.0,100.0
Dorota,PfCRT,17,I356T,I356,1.0,0.0
Dorota,PfCRT,17,K76T,76T,1.0,100.0
Dorota,PfCRT,17,K76T,K76,1.0,0.0
Dorota,PfCRT,17,M343L,M343,2.0,0.0
Dorota,PfCRT,17,M74I,74I,1.0,100.0
Dorota,PfCRT,17,M74I,M74,1.0,0.0
Dorota,PfCRT,17,N75E,75E,1.0,100.0
Dorota,PfCRT,17,N75E,N75,1.0,0.0
Dorota,PfCRT,17,T93S,T93,2.0,0.0
Dorota,PfCRT,17,V73V,V73,2.0,0.0
Dorota,PfCRT,19,A220S,220S,15.0,750.0
Dorota,PfCRT,19,A220S,A220,135.0,0.0
Dorota,PfCRT,19,C350R,C350,154.0,0.0
Dorota,PfCRT,19,C72S,C72,174.0,0.0
Dorota,PfCRT,19,F145I,F145,171.0,0.0
Dorota,PfCRT,19,G353V,G353,154.0,0.0
Dorota,PfCRT,19,H97Y,H97,174.0,0.0
Dorota,PfCRT,19,I218F,I218,150.0,0.0
Dorota,PfCRT,19,I356T,356T,11.0,522.3
Dorota,PfCRT,19,I356T,I356,143.0,0.0
Dorota,PfCRT,19,K76T,76T,31.0,1420.1
Dorota,PfCRT,19,K76T,K76,143.0,0.0
Dorota,PfCRT,19,M343L,343L,5.0,62.5
Dorota,PfCRT,19,M343L,M343,149.0,0.0
Dorota,PfCRT,19,M74I,74I,31.0,1409.2
Dorota,PfCRT,19,M74I,M74,143.0,0.0
Dorota,PfCRT,19,N326S,N326,87.0,0.0
Dorota,PfCRT,19,N75E,75E,31.0,1408.0
Dorota,PfCRT,19,N75E,N75,143.0,0.0
Dorota,PfCRT,19,Q271E,271E,31.0,1297.0
Dorota,PfCRT,19,Q271E,Q271,106.0,0.0
Dorota,PfCRT,19,R371I,371I,5.0,500.0
Dorota,PfCRT,19,R371I,R371,64.0,0.0
Dorota,PfCRT,19,T93S,T93,174.0,0.0
Dorota,PfCRT,19,V73V,V73,174.0,0.0
Dorota,PfMDR1 ,17,Y184F,184F,1.0,100.0
Dorota,PfMDR1 ,17,Y184F,Y184,1.0,0.0
Dorota,PfMDR1 ,19,D1246Y,1246Y,41.0,1422.0
Dorota,PfMDR1 ,19,D1246Y,D1246,128.0,0.0
Dorota,PfMDR1 ,19,N1042D,N1042,178.0,0.0
Dorota,PfMDR1 ,19,N86Y,86Y,55.0,1754.0
Dorota,PfMDR1 ,19,N86Y,N86,89.0,0.0
Dorota,PfMDR1 ,19,S1034C,S1034,178.0,0.0
Dorota,PfMDR1 ,19,Y184F,184F,156.0,10813.6
Dorota,PfMDR1 ,19,Y184F,Y184,22.0,0.0
Dorota,mitochondrial genome - CYTB CDS,17,I258M,I258,8.0,0.0
Dorota,mitochondrial genome - CYTB CDS,17,Y268N,Y268,8.0,0.0
Dorota,mitochondrial genome - CYTB CDS,19,I258M,I258,184.0,0.0
Dorota,mitochondrial genome - CYTB CDS,19,Y268N,Y268,184.0,0.0
Hamdalaye,DHFR,17,A16V,A16,27.0,0.0
Hamdalaye,DHFR,17,C59R,59R,26.0,2463.2
Hamdalaye,DHFR,17,I164L,I164,27.0,0.0
Hamdalaye,DHFR,17,N51I,51I,27.0,2455.2
Hamdalaye,DHFR,17,S108N,108N,28.0,2624.8
Hamdalaye,DHFR,19,A16V,A16,139.0,0.0
Hamdalaye,DHFR,19,C59R,59R,149.0,14599.2
Hamdalaye,DHFR,19,I164L,I164,139.0,0.0
Hamdalaye,DHFR,19,N51I,51I,144.0,13472.2
Hamdalaye,DHFR,19,S108N,108N,149.0,14565.1
Hamdalaye,DHPS_437Corrected ,17,A437G,437G,17.0,1163.3
Hamdalaye,DHPS_437Corrected ,17,A437G,A437,2.0,0.0
Hamdalaye,DHPS_437Corrected ,17,A581G,A581,18.0,0.0
Hamdalaye,DHPS_437Corrected ,17,A613S,613S,1.0,100.0
Hamdalaye,DHPS_437Corrected ,17,A613S,A613,18.0,0.0
Hamdalaye,DHPS_437Corrected ,17,K540E,K540,15.0,0.0
Hamdalaye,DHPS_437Corrected ,17,S436A,436A,13.0,951.0
Hamdalaye,DHPS_437Corrected ,17,S436A,S436,6.0,0.0
Hamdalaye,DHPS_437Corrected ,19,A437G,437G,171.0,12849.1
Hamdalaye,DHPS_437Corrected ,19,A437G,A437,20.0,0.0
Hamdalaye,DHPS_437Corrected ,19,A581G,581G,6.0,187.5
Hamdalaye,DHPS_437Corrected ,19,A581G,A581,180.0,0.0
Hamdalaye,DHPS_437Corrected ,19,A613S,613S,46.0,1180.8
Hamdalaye,DHPS_437Corrected ,19,A613S,A613,140.0,0.0
Hamdalaye,DHPS_437Corrected ,19,K540E,540E,45.0,1348.0
Hamdalaye,DHPS_437Corrected ,19,K540E,K540,131.0,0.0
Hamdalaye,DHPS_437Corrected ,19,S436A,436A,188.0,9962.300000000001
Hamdalaye,DHPS_437Corrected ,19,S436A,S436,3.0,0.0
Hamdalaye,K13,17,A481V,A481,22.0,0.0
Hamdalaye,K13,17,A578S,A578,20.0,0.0
Hamdalaye,K13,17,A675V,A675,20.0,0.0
Hamdalaye,K13,17,C469F,C469,21.0,0.0
Hamdalaye,K13,17,C469Y,C469,21.0,0.0
Hamdalaye,K13,17,C580Y,C580,20.0,0.0
Hamdalaye,K13,17,D584V,D584,20.0,0.0
Hamdalaye,K13,17,F446I,F446,21.0,0.0
Hamdalaye,K13,17,G449A,G449,21.0,0.0
Hamdalaye,K13,17,G538V,G538,20.0,0.0
Hamdalaye,K13,17,I543T,I543,19.0,0.0
Hamdalaye,K13,17,M476I,M476,22.0,0.0
Hamdalaye,K13,17,N458Y,N458,21.0,0.0
Hamdalaye,K13,17,N537I,N537,20.0,0.0
Hamdalaye,K13,17,P441L,P441,21.0,0.0
Hamdalaye,K13,17,P527H,P527,20.0,0.0
Hamdalaye,K13,17,P553L,P553,19.0,0.0
Hamdalaye,K13,17,P574L,P574,20.0,0.0
Hamdalaye,K13,17,R515K,R515,20.0,0.0
Hamdalaye,K13,17,R539T,R539,20.0,0.0
Hamdalaye,K13,17,R561H,R561,20.0,0.0
Hamdalaye,K13,17,R622I,R622,20.0,0.0
Hamdalaye,K13,17,V568G,V568,20.0,0.0
Hamdalaye,K13,17,Y493H,Y493,21.0,0.0
Hamdalaye,K13,19,A481V,A481,193.0,0.0
Hamdalaye,K13,19,A578S,578S,5.0,77.0
Hamdalaye,K13,19,A578S,A578,191.0,0.0
Hamdalaye,K13,19,A675V,A675,194.0,0.0
Hamdalaye,K13,19,C469F,C469,197.0,0.0
Hamdalaye,K13,19,C469Y,C469,197.0,0.0
Hamdalaye,K13,19,C580Y,C580,196.0,0.0
Hamdalaye,K13,19,D584V,D584,196.0,0.0
Hamdalaye,K13,19,F446I,F446,197.0,0.0
Hamdalaye,K13,19,G449A,G449,197.0,0.0
Hamdalaye,K13,19,G538V,G538,196.0,0.0
Hamdalaye,K13,19,I543T,I543,196.0,0.0
Hamdalaye,K13,19,M476I,M476,193.0,0.0
Hamdalaye,K13,19,N458Y,N458,197.0,0.0
Hamdalaye,K13,19,N537I,N537,196.0,0.0
Hamdalaye,K13,19,P441L,P441,197.0,0.0
Hamdalaye,K13,19,P527H,P527,196.0,0.0
Hamdalaye,K13,19,P553L,P553,196.0,0.0
Hamdalaye,K13,19,P574L,P574,196.0,0.0
Hamdalaye,K13,19,R515K,R515,197.0,0.0
Hamdalaye,K13,19,R539T,R539,196.0,0.0
Hamdalaye,K13,19,R561H,R561,196.0,0.0
Hamdalaye,K13,19,R622I,R622,192.0,0.0
Hamdalaye,K13,19,V568G,V568,196.0,0.0
Hamdalaye,K13,19,Y493H,Y493,193.0,0.0
Hamdalaye,PfCRT,17,C350R,C350,1.0,0.0
Hamdalaye,PfCRT,17,C72S,C72,5.0,0.0
Hamdalaye,PfCRT,17,F145I,F145,3.0,0.0
Hamdalaye,PfCRT,17,G353V,G353,1.0,0.0
Hamdalaye,PfCRT,17,H97Y,H97,6.0,0.0
Hamdalaye,PfCRT,17,I218F,I218,1.0,0.0
Hamdalaye,PfCRT,17,I356T,356T,1.0,100.0
Hamdalaye,PfCRT,17,K76T,76T,2.0,166.7
Hamdalaye,PfCRT,17,K76T,K76,4.0,0.0
Hamdalaye,PfCRT,17,M343L,M343,1.0,0.0
Hamdalaye,PfCRT,17,M74I,74I,2.0,166.7
Hamdalaye,PfCRT,17,M74I,M74,3.0,0.0
Hamdalaye,PfCRT,17,N75E,75E,2.0,166.7
Hamdalaye,PfCRT,17,N75E,N75,4.0,0.0
Hamdalaye,PfCRT,17,Q271E,271E,1.0,100.0
Hamdalaye,PfCRT,17,Q271E,Q271,4.0,0.0
Hamdalaye,PfCRT,17,T93S,T93,6.0,0.0
Hamdalaye,PfCRT,17,V73V,V73,5.0,0.0
Hamdalaye,PfCRT,19,A220S,220S,40.0,965.0
Hamdalaye,PfCRT,19,A220S,A220,93.0,0.0
Hamdalaye,PfCRT,19,C350R,C350,137.0,0.0
Hamdalaye,PfCRT,19,C72S,C72,148.0,0.0
Hamdalaye,PfCRT,19,F145I,F145,151.0,0.0
Hamdalaye,PfCRT,19,G353V,G353,137.0,0.0
Hamdalaye,PfCRT,19,H97Y,H97,153.0,0.0
Hamdalaye,PfCRT,19,I218F,I218,139.0,0.0
Hamdalaye,PfCRT,19,I356T,356T,36.0,873.0
Hamdalaye,PfCRT,19,I356T,I356,96.0,0.0
Hamdalaye,PfCRT,19,K76T,76T,48.0,2147.5
Hamdalaye,PfCRT,19,K76T,K76,100.0,0.0
Hamdalaye,PfCRT,19,M343L,M343,137.0,0.0
Hamdalaye,PfCRT,19,M74I,74I,48.0,2098.8
Hamdalaye,PfCRT,19,M74I,M74,100.0,0.0
Hamdalaye,PfCRT,19,N326S,N326,50.0,0.0
Hamdalaye,PfCRT,19,N75E,75E,48.0,2105.8
Hamdalaye,PfCRT,19,N75E,N75,100.0,0.0
Hamdalaye,PfCRT,19,Q271E,271E,40.0,1590.5
Hamdalaye,PfCRT,19,Q271E,Q271,79.0,0.0
Hamdalaye,PfCRT,19,R371I,371I,4.0,200.0
Hamdalaye,PfCRT,19,R371I,R371,50.0,0.0
Hamdalaye,PfCRT,19,T93S,T93,148.0,0.0
Hamdalaye,PfCRT,19,V73V,V73,148.0,0.0
Hamdalaye,PfMDR1 ,17,D1246Y,D1246,1.0,0.0
Hamdalaye,PfMDR1 ,17,N1042D,N1042,6.0,0.0
Hamdalaye,PfMDR1 ,17,N86Y,N86,5.0,0.0
Hamdalaye,PfMDR1 ,17,S1034C,S1034,6.0,0.0
Hamdalaye,PfMDR1 ,17,Y184F,184F,4.0,400.0
Hamdalaye,PfMDR1 ,17,Y184F,Y184,1.0,0.0
Hamdalaye,PfMDR1 ,19,D1246Y,D1246,130.0,0.0
Hamdalaye,PfMDR1 ,19,N1042D,N1042,128.0,0.0
Hamdalaye,PfMDR1 ,19,N86Y,86Y,21.0,892.0
Hamdalaye,PfMDR1 ,19,N86Y,N86,82.0,0.0
Hamdalaye,PfMDR1 ,19,S1034C,S1034,128.0,0.0
Hamdalaye,PfMDR1 ,19,Y184F,184F,104.0,7973.8
Hamdalaye,PfMDR1 ,19,Y184F,Y184,25.0,0.0
Hamdalaye,mitochondrial genome - CYTB CDS,17,I258M,I258,12.0,0.0
Hamdalaye,mitochondrial genome - CYTB CDS,17,Y268N,Y268,12.0,0.0
Hamdalaye,mitochondrial genome - CYTB CDS,19,I258M,I258,178.0,0.0
Hamdalaye,mitochondrial genome - CYTB CDS,19,Y268N,Y268,178.0,0.0
Lay-Sare,DHFR,18,A16V,A16,162.0,0.0
Lay-Sare,DHFR,18,C59R,59R,161.0,15527.0
Lay-Sare,DHFR,18,C59R,C59,1.0,0.0
Lay-Sare,DHFR,18,I164L,I164,161.0,0.0
Lay-Sare,DHFR,18,N51I,51I,162.0,15250.3
Lay-Sare,DHFR,18,S108N,108N,162.0,15611.5
Lay-Sare,DHPS_437Corrected ,18,A437G,437G,155.0,12316.4
Lay-Sare,DHPS_437Corrected ,18,A437G,A437,9.0,0.0
Lay-Sare,DHPS_437Corrected ,18,A581G,581G,2.0,169.2
Lay-Sare,DHPS_437Corrected ,18,A581G,A581,159.0,0.0
Lay-Sare,DHPS_437Corrected ,18,A613S,613S,65.0,2421.6
Lay-Sare,DHPS_437Corrected ,18,A613S,A613,97.0,0.0
Lay-Sare,DHPS_437Corrected ,18,K540E,540E,16.0,483.3
Lay-Sare,DHPS_437Corrected ,18,K540E,K540,129.0,0.0
Lay-Sare,DHPS_437Corrected ,18,S436A,436A,129.0,6475.1
Lay-Sare,DHPS_437Corrected ,18,S436A,S436,35.0,0.0
Lay-Sare,K13,18,A481V,A481,161.0,0.0
Lay-Sare,K13,18,A578S,578S,1.0,7.8
Lay-Sare,K13,18,A578S,A578,168.0,0.0
Lay-Sare,K13,18,A675V,A675,168.0,0.0
Lay-Sare,K13,18,C469F,C469,161.0,0.0
Lay-Sare,K13,18,C469Y,C469,161.0,0.0
Lay-Sare,K13,18,C580Y,C580,169.0,0.0
Lay-Sare,K13,18,D584V,D584,169.0,0.0
Lay-Sare,K13,18,F446I,F446,161.0,0.0
Lay-Sare,K13,18,G449A,G449,161.0,0.0
Lay-Sare,K13,18,G538V,G538,169.0,0.0
Lay-Sare,K13,18,I543T,I543,169.0,0.0
Lay-Sare,K13,18,M476I,M476,161.0,0.0
Lay-Sare,K13,18,N458Y,N458,161.0,0.0
Lay-Sare,K13,18,N537I,N537,169.0,0.0
Lay-Sare,K13,18,P441L,P441,161.0,0.0
Lay-Sare,K13,18,P527H,P527,169.0,0.0
Lay-Sare,K13,18,P553L,P553,169.0,0.0
Lay-Sare,K13,18,P574L,P574,169.0,0.0
Lay-Sare,K13,18,R515K,R515,169.0,0.0
Lay-Sare,K13,18,R539T,R539,169.0,0.0
Lay-Sare,K13,18,R561H,R561,169.0,0.0
Lay-Sare,K13,18,R622I,R622,169.0,0.0
Lay-Sare,K13,18,V568G,V568,169.0,0.0
Lay-Sare,K13,18,Y493H,Y493,161.0,0.0
Lay-Sare,PfCRT,18,A220S,220S,32.0,2825.0
Lay-Sare,PfCRT,18,A220S,A220,69.0,0.0
Lay-Sare,PfCRT,18,C350R,C350,99.0,0.0
Lay-Sare,PfCRT,18,C72S,C72,110.0,0.0
Lay-Sare,PfCRT,18,F145I,F145,125.0,0.0
Lay-Sare,PfCRT,18,G353V,G353,99.0,0.0
Lay-Sare,PfCRT,18,H97Y,H97,116.0,0.0
Lay-Sare,PfCRT,18,I218F,I218,101.0,0.0
Lay-Sare,PfCRT,18,I356T,356T,15.0,1250.0
Lay-Sare,PfCRT,18,I356T,I356,79.0,0.0
Lay-Sare,PfCRT,18,K76T,76T,35.0,1867.0
Lay-Sare,PfCRT,18,K76T,K76,75.0,0.0
Lay-Sare,PfCRT,18,M343L,M343,99.0,0.0
Lay-Sare,PfCRT,18,M74I,74I,40.0,1628.5
Lay-Sare,PfCRT,18,M74I,M74,70.0,0.0
Lay-Sare,PfCRT,18,N326S,N326,15.0,0.0
Lay-Sare,PfCRT,18,N75E,75E,35.0,1567.5
Lay-Sare,PfCRT,18,N75E,N75,75.0,0.0
Lay-Sare,PfCRT,18,Q271E,271E,10.0,416.5
Lay-Sare,PfCRT,18,Q271E,Q271,56.0,0.0
Lay-Sare,PfCRT,18,R371I,R371,15.0,0.0
Lay-Sare,PfCRT,18,T93S,T93,116.0,0.0
Lay-Sare,PfCRT,18,V73V,V73,110.0,0.0
Lay-Sare,PfMDR1 ,18,D1246Y,1246Y,5.0,300.0
Lay-Sare,PfMDR1 ,18,D1246Y,D1246,59.0,0.0
Lay-Sare,PfMDR1 ,18,N1042D,N1042,85.0,0.0
Lay-Sare,PfMDR1 ,18,N86Y,86Y,10.0,1000.0
Lay-Sare,PfMDR1 ,18,N86Y,N86,50.0,0.0
Lay-Sare,PfMDR1 ,18,S1034C,S1034,85.0,0.0
Lay-Sare,PfMDR1 ,18,Y184F,184F,86.0,8016.5
Lay-Sare,PfMDR1 ,18,Y184F,Y184,13.0,0.0
Lay-Sare,mitochondrial genome - CYTB CDS,18,I258M,I258,146.0,0.0
Lay-Sare,mitochondrial genome - CYTB CDS,18,Y268N,Y268,146.0,0.0
Maferinyah,DHFR,17,A16V,A16,1.0,0.0
Maferinyah,DHFR,17,C59R,59R,1.0,100.0
Maferinyah,DHFR,17,I164L,I164,1.0,0.0
Maferinyah,DHFR,17,N51I,51I,1.0,100.0
Maferinyah,DHFR,17,S108N,108N,1.0,100.0
Maferinyah,DHFR,18,A16V,A16,215.0,0.0
Maferinyah,DHFR,18,C59R,59R,214.0,21167.9
Maferinyah,DHFR,18,I164L,I164,214.0,0.0
Maferinyah,DHFR,18,N51I,51I,215.0,21209.4
Maferinyah,DHFR,18,S108N,108N,215.0,21341.2
Maferinyah,DHPS_437Corrected ,17,A437G,437G,1.0,100.0
Maferinyah,DHPS_437Corrected ,17,S436A,S436,1.0,0.0
Maferinyah,DHPS_437Corrected ,18,A437G,437G,209.0,16864.6
Maferinyah,DHPS_437Corrected ,18,A437G,A437,2.0,0.0
Maferinyah,DHPS_437Corrected ,18,A581G,581G,6.0,406.5
Maferinyah,DHPS_437Corrected ,18,A581G,A581,201.0,0.0
Maferinyah,DHPS_437Corrected ,18,A613S,613S,63.0,2208.3
Maferinyah,DHPS_437Corrected ,18,A613S,A613,149.0,0.0
Maferinyah,DHPS_437Corrected ,18,K540E,540E,46.0,1034.2
Maferinyah,DHPS_437Corrected ,18,K540E,K540,152.0,0.0
Maferinyah,DHPS_437Corrected ,18,S436A,436A,164.0,8177.700000000001
Maferinyah,DHPS_437Corrected ,18,S436A,S436,47.0,0.0
Maferinyah,K13,17,A481V,A481,1.0,0.0
Maferinyah,K13,17,A578S,A578,1.0,0.0
Maferinyah,K13,17,A675V,A675,1.0,0.0
Maferinyah,K13,17,C469F,C469,1.0,0.0
Maferinyah,K13,17,C469Y,C469,1.0,0.0
Maferinyah,K13,17,C580Y,C580,1.0,0.0
Maferinyah,K13,17,D584V,D584,1.0,0.0
Maferinyah,K13,17,F446I,F446,1.0,0.0
Maferinyah,K13,17,G449A,G449,1.0,0.0
Maferinyah,K13,17,G538V,G538,1.0,0.0
Maferinyah,K13,17,I543T,I543,1.0,0.0
Maferinyah,K13,17,M476I,M476,1.0,0.0
Maferinyah,K13,17,N458Y,N458,1.0,0.0
Maferinyah,K13,17,N537I,N537,1.0,0.0
Maferinyah,K13,17,P441L,P441,1.0,0.0
Maferinyah,K13,17,P527H,P527,1.0,0.0
Maferinyah,K13,17,P553L,P553,1.0,0.0
Maferinyah,K13,17,P574L,P574,1.0,0.0
Maferinyah,K13,17,R515K,R515,1.0,0.0
Maferinyah,K13,17,R539T,R539,1.0,0.0
Maferinyah,K13,17,R561H,R561,1.0,0.0
Maferinyah,K13,17,R622I,R622,1.0,0.0
Maferinyah,K13,17,V568G,V568,1.0,0.0
Maferinyah,K13,17,Y493H,Y493,1.0,0.0
Maferinyah,K13,18,A481V,A481,232.0,0.0
Maferinyah,K13,18,A578S,578S,10.0,152.0
Maferinyah,K13,18,A578S,A578,222.0,0.0
Maferinyah,K13,18,A675V,A675,232.0,0.0
Maferinyah,K13,18,C469F,C469,232.0,0.0
Maferinyah,K13,18,C469Y,C469,232.0,0.0
Maferinyah,K13,18,C580Y,C580,232.0,0.0
Maferinyah,K13,18,D584V,D584,232.0,0.0
Maferinyah,K13,18,F446I,F446,232.0,0.0
Maferinyah,K13,18,G449A,G449,232.0,0.0
Maferinyah,K13,18,G538V,G538,232.0,0.0
Maferinyah,K13,18,I543T,I543,232.0,0.0
Maferinyah,K13,18,M476I,M476,232.0,0.0
Maferinyah,K13,18,N458Y,N458,232.0,0.0
Maferinyah,K13,18,N537I,N537,232.0,0.0
Maferinyah,K13,18,P441L,P441,232.0,0.0
Maferinyah,K13,18,P527H,P527,232.0,0.0
Maferinyah,K13,18,P553L,P553,232.0,0.0
Maferinyah,K13,18,P574L,P574,232.0,0.0
Maferinyah,K13,18,R515K,R515,232.0,0.0
Maferinyah,K13,18,R539T,R539,232.0,0.0
Maferinyah,K13,18,R561H,R561,232.0,0.0
Maferinyah,K13,18,R622I,R622,232.0,0.0
Maferinyah,K13,18,V568G,V568,232.0,0.0
Maferinyah,K13,18,Y493H,Y493,232.0,0.0
Maferinyah,PfCRT,18,A220S,220S,10.0,562.5
Maferinyah,PfCRT,18,A220S,A220,96.0,0.0
Maferinyah,PfCRT,18,C350R,350R,5.0,125.0
Maferinyah,PfCRT,18,C350R,C350,105.0,0.0
Maferinyah,PfCRT,18,C72S,C72,150.0,0.0
Maferinyah,PfCRT,18,F145I,F145,148.0,0.0
Maferinyah,PfCRT,18,G353V,G353,110.0,0.0
Maferinyah,PfCRT,18,H97Y,H97,155.0,0.0
Maferinyah,PfCRT,18,I218F,I218,106.0,0.0
Maferinyah,PfCRT,18,I356T,I356,110.0,0.0
Maferinyah,PfCRT,18,K76T,76T,16.0,663.5
Maferinyah,PfCRT,18,K76T,K76,134.0,0.0
Maferinyah,PfCRT,18,M343L,M343,115.0,0.0
Maferinyah,PfCRT,18,M74I,74I,21.0,674.0
Maferinyah,PfCRT,18,M74I,M74,129.0,0.0
Maferinyah,PfCRT,18,N326S,N326,18.0,0.0
Maferinyah,PfCRT,18,N75E,75E,16.0,638.5
Maferinyah,PfCRT,18,N75E,N75,134.0,0.0
Maferinyah,PfCRT,18,Q271E,271E,6.0,600.0
Maferinyah,PfCRT,18,Q271E,Q271,112.0,0.0
Maferinyah,PfCRT,18,R371I,R371,25.0,0.0
Maferinyah,PfCRT,18,T93S,T93,155.0,0.0
Maferinyah,PfCRT,18,V73V,V73,150.0,0.0
Maferinyah,PfMDR1 ,18,D1246Y,1246Y,10.0,76.5
Maferinyah,PfMDR1 ,18,D1246Y,D1246,151.0,0.0
Maferinyah,PfMDR1 ,18,N1042D,N1042,164.0,0.0
Maferinyah,PfMDR1 ,18,N86Y,86Y,5.0,83.5
Maferinyah,PfMDR1 ,18,N86Y,N86,104.0,0.0
Maferinyah,PfMDR1 ,18,S1034C,S1034,164.0,0.0
Maferinyah,PfMDR1 ,18,Y184F,184F,143.0,11444.5
Maferinyah,PfMDR1 ,18,Y184F,Y184,27.0,0.0
Maferinyah,mitochondrial genome - CYTB CDS,18,I258M,I258,211.0,0.0
Maferinyah,mitochondrial genome - CYTB CDS,18,Y268N,Y268,211.0,0.0
